station,lat,lon,borough,structure,lines,primary_line,line_color,flood_risk,heat_risk,vulnerability,economic_exposure,composite_risk
Astoria-Ditmars Blvd,40.775036,-73.912034,Q,elevated,N W,N,#FCCC0A,7.21,5.78,6.5,2.81,6.2
Astoria Blvd,40.770258,-73.917843,Q,elevated,N W,N,#FCCC0A,7.21,5.78,6.5,2.81,6.2
30 Av,40.766779,-73.921479,Q,elevated,N W,N,#FCCC0A,7.21,5.78,6.5,2.81,6.2
Broadway,40.76182,-73.925508,Q,elevated,N W,N,#FCCC0A,7.21,5.78,6.5,2.81,6.2
36 Av,40.756804,-73.929575,Q,elevated,N W,N,#FCCC0A,7.21,5.78,6.5,2.81,6.2
39 Av-Dutch Kills,40.752882,-73.932755,Q,elevated,N W,N,#FCCC0A,7.21,5.78,6.5,2.81,6.2
Lexington Av/59 St,40.76266,-73.967258,M,subway,N R W,N,#FCCC0A,7.59,6.2,6.17,3.38,6.47
5 Av/59 St,40.764811,-73.973347,M,subway,N R W,N,#FCCC0A,7.59,6.2,6.17,3.38,6.47
57 St-7 Av,40.764664,-73.980658,M,subway,N Q R W,N,#FCCC0A,7.64,6.21,6.12,3.62,6.51
49 St,40.759901,-73.984139,M,subway,N R W,N,#FCCC0A,7.59,6.2,6.17,3.38,6.47
Times Sq-42 St,40.754672,-73.986754,M,subway,N Q R W,N,#FCCC0A,7.64,6.21,6.12,3.62,6.51
34 St-Herald Sq,40.749567,-73.98795,M,subway,N Q R W,N,#FCCC0A,7.64,6.21,6.12,3.62,6.51
28 St,40.745494,-73.988691,M,subway,R W,R,#FCCC0A,7.17,6.02,6.0,3.0,6.18
23 St,40.741303,-73.989344,M,subway,R W,R,#FCCC0A,7.17,6.02,6.0,3.0,6.18
14 St-Union Sq,40.735736,-73.990568,M,subway,N Q R W,N,#FCCC0A,7.64,6.21,6.12,3.62,6.51
8 St-NYU,40.730328,-73.992629,M,subway,R W,R,#FCCC0A,7.17,6.02,6.0,3.0,6.18
Prince St,40.724329,-73.997702,M,subway,R W,R,#FCCC0A,7.17,6.02,6.0,3.0,6.18
Canal St,40.719527,-74.001775,M,subway,R W,R,#FCCC0A,7.17,6.02,6.0,3.0,6.18
Canal St,40.718383,-74.00046,M,subway,N Q,N,#FCCC0A,8.11,6.4,6.25,4.25,6.84
City Hall,40.713282,-74.006978,M,subway,R W,R,#FCCC0A,7.17,6.02,6.0,3.0,6.18
Cortlandt St,40.710668,-74.011029,M,subway,R W,R,#FCCC0A,7.17,6.02,6.0,3.0,6.18
Rector St,40.70722,-74.013342,M,subway,R W,R,#FCCC0A,7.17,6.02,6.0,3.0,6.18
Whitehall St-South Ferry,40.703087,-74.012994,M,subway,R W,R,#FCCC0A,7.17,6.02,6.0,3.0,6.18
Court St,40.6941,-73.991777,Bk,subway,R,R,#FCCC0A,8.35,7.05,6.5,4.5,7.2
Jay St-MetroTech,40.69218,-73.985942,Bk,subway,R,R,#FCCC0A,8.35,7.05,6.5,4.5,7.2
DeKalb Av,40.690635,-73.981824,Bk,subway,B Q R,B,#FF6319,7.6,6.56,6.17,4.08,6.65
Atlantic Av-Barclays Ctr,40.683666,-73.97881,Bk,subway,D N R,D,#FF6319,8.03,6.74,6.33,4.17,6.92
Union St,40.677316,-73.98311,Bk,subway,R,R,#FCCC0A,8.35,7.05,6.5,4.5,7.2
4 Av-9 St,40.670847,-73.988302,Bk,subway,R,R,#FCCC0A,8.35,7.05,6.5,4.5,7.2
Prospect Av,40.665414,-73.992872,Bk,subway,R,R,#FCCC0A,8.35,7.05,6.5,4.5,7.2
25 St,40.660397,-73.998091,Bk,subway,R,R,#FCCC0A,8.35,7.05,6.5,4.5,7.2
36 St,40.655144,-74.003549,Bk,subway,D N R,D,#FF6319,8.03,6.74,6.33,4.17,6.92
45 St,40.648939,-74.010006,Bk,subway,R,R,#FCCC0A,8.35,7.05,6.5,4.5,7.2
53 St,40.645069,-74.014034,Bk,subway,R,R,#FCCC0A,8.35,7.05,6.5,4.5,7.2
59 St,40.641362,-74.017881,Bk,subway,N R,N,#FCCC0A,8.38,6.81,6.5,4.31,7.13
Bay Ridge Av,40.634967,-74.023377,Bk,subway,R,R,#FCCC0A,8.35,7.05,6.5,4.5,7.2
77 St,40.629742,-74.02551,Bk,subway,R,R,#FCCC0A,8.35,7.05,6.5,4.5,7.2
86 St,40.622687,-74.028398,Bk,subway,R,R,#FCCC0A,8.35,7.05,6.5,4.5,7.2
Bay Ridge-95 St,40.616622,-74.030876,Bk,subway,R,R,#FCCC0A,8.35,7.05,6.5,4.5,7.2
Atlantic Av-Barclays Ctr,40.68446,-73.97689,Bk,subway,B Q,B,#FF6319,7.23,6.32,6.0,3.88,6.38
7 Av,40.67705,-73.972367,Bk,subway,B Q,B,#FF6319,7.23,6.32,6.0,3.88,6.38
Prospect Park,40.661614,-73.962246,Bk,open cut,B Q S,B,#FF6319,6.49,5.88,6.67,3.0,5.99
Parkside Av,40.655292,-73.961495,Bk,open cut,Q,Q,#FCCC0A,7.8,6.24,7.0,4.38,6.83
Church Av,40.650527,-73.962982,Bk,open cut,B Q,B,#FF6319,7.23,6.32,7.0,3.88,6.58
Beverley Rd,40.644031,-73.964492,Bk,open cut,Q,Q,#FCCC0A,7.8,6.24,7.0,4.38,6.83
Cortelyou Rd,40.640927,-73.963891,Bk,open cut,Q,Q,#FCCC0A,7.8,6.24,7.0,4.38,6.83
Newkirk Plaza,40.635082,-73.962793,Bk,open cut,B Q,B,#FF6319,7.23,6.32,7.0,3.88,6.58
Avenue H,40.62927,-73.961639,Bk,open cut,Q,Q,#FCCC0A,7.8,6.24,7.0,4.38,6.83
Avenue J,40.625039,-73.960803,Bk,open cut,Q,Q,#FCCC0A,7.8,6.24,7.0,4.38,6.83
Avenue M,40.617618,-73.959399,Bk,open cut,Q,Q,#FCCC0A,7.8,6.24,7.0,4.38,6.83
Kings Hwy,40.60867,-73.957734,Bk,open cut,B Q,B,#FF6319,7.23,6.32,7.0,3.88,6.58
Avenue U,40.5993,-73.955929,Bk,open cut,Q,Q,#FCCC0A,7.8,6.24,7.0,4.38,6.83
Neck Rd,40.595246,-73.955161,Bk,open cut,Q,Q,#FCCC0A,7.8,6.24,7.0,4.38,6.83
Sheepshead Bay,40.586896,-73.954155,Bk,open cut,B Q,B,#FF6319,7.23,6.32,7.0,3.88,6.58
Brighton Beach,40.577621,-73.961376,Bk,elevated,B Q,B,#FF6319,7.23,6.32,6.5,3.88,6.48
Ocean Pkwy,40.576312,-73.968501,Bk,elevated,Q,Q,#FCCC0A,7.8,6.24,6.5,4.38,6.73
W 8 St-NY Aquarium,40.576127,-73.975939,Bk,elevated,F Q,F,#FF6319,8.45,6.62,6.75,5.88,7.3
Coney Island-Stillwell Av,40.577422,-73.981233,Bk,viaduct,D F N Q,D,#FF6319,8.16,6.61,6.25,4.94,6.99
9 Av,40.646292,-73.994324,Bk,open cut,D,D,#FF6319,7.34,6.61,7.0,3.88,6.71
Fort Hamilton Pkwy,40.640914,-73.994304,Bk,elevated,D,D,#FF6319,7.34,6.61,6.5,3.88,6.61
50 St,40.63626,-73.994791,Bk,elevated,D,D,#FF6319,7.34,6.61,6.5,3.88,6.61
55 St,40.631435,-73.995476,Bk,elevated,D,D,#FF6319,7.34,6.61,6.5,3.88,6.61
62 St,40.626472,-73.996895,Bk,elevated,D,D,#FF6319,7.34,6.61,6.5,3.88,6.61
71 St,40.619589,-73.998864,Bk,elevated,D,D,#FF6319,7.34,6.61,6.5,3.88,6.61
79 St,40.613501,-74.00061,Bk,elevated,D,D,#FF6319,7.34,6.61,6.5,3.88,6.61
18 Av,40.607954,-74.001736,Bk,elevated,D,D,#FF6319,7.34,6.61,6.5,3.88,6.61
20 Av,40.604556,-73.998168,Bk,elevated,D,D,#FF6319,7.34,6.61,6.5,3.88,6.61
Bay Pkwy,40.601875,-73.993728,Bk,elevated,D,D,#FF6319,7.34,6.61,6.5,3.88,6.61
25 Av,40.597704,-73.986829,Bk,elevated,D,D,#FF6319,7.34,6.61,6.5,3.88,6.61
Bay 50 St,40.588841,-73.983765,Bk,elevated,D,D,#FF6319,7.34,6.61,6.5,3.88,6.61
8 Av,40.635064,-74.011719,Bk,open cut,N,N,#FCCC0A,8.41,6.57,7.5,4.12,7.25
Fort Hamilton Pkwy,40.631386,-74.005351,Bk,open cut,N,N,#FCCC0A,8.41,6.57,7.5,4.12,7.25
New Utrecht Av,40.624842,-73.996353,Bk,open cut,N,N,#FCCC0A,8.41,6.57,7.5,4.12,7.25
18 Av,40.620671,-73.990414,Bk,open cut,N,N,#FCCC0A,8.41,6.57,7.5,4.12,7.25
20 Av,40.61741,-73.985026,Bk,open cut,N,N,#FCCC0A,8.41,6.57,7.5,4.12,7.25
Bay Pkwy,40.611815,-73.981848,Bk,open cut,N,N,#FCCC0A,8.41,6.57,7.5,4.12,7.25
Kings Hwy,40.603923,-73.980353,Bk,open cut,N,N,#FCCC0A,8.41,6.57,7.5,4.12,7.25
Avenue U,40.597473,-73.979137,Bk,open cut,N,N,#FCCC0A,8.41,6.57,7.5,4.12,7.25
86 St,40.592721,-73.97823,Bk,open cut,N,N,#FCCC0A,8.41,6.57,7.5,4.12,7.25
121 St,40.700492,-73.828294,Q,elevated,J Z,J,#996633,5.5,5.5,6.0,1.44,5.19
111 St,40.697418,-73.836345,Q,elevated,J,J,#996633,5.5,5.5,6.0,2.0,5.25
104 St,40.695178,-73.84433,Q,elevated,J Z,J,#996633,5.5,5.5,6.0,1.44,5.19
Woodhaven Blvd,40.693879,-73.851576,Q,elevated,J Z,J,#996633,5.5,5.5,6.0,1.44,5.19
85 St-Forest Pkwy,40.692435,-73.86001,Q,elevated,J,J,#996633,5.5,5.5,6.0,2.0,5.25
75 St-Elderts Ln,40.691324,-73.867139,Q,elevated,J Z,J,#996633,5.5,5.5,6.0,1.44,5.19
Cypress Hills,40.689941,-73.87255,Bk,elevated,J,J,#996633,5.5,5.5,6.0,2.0,5.25
Crescent St,40.683194,-73.873785,Bk,elevated,J Z,J,#996633,5.5,5.5,6.0,1.44,5.19
Norwood Av,40.68141,-73.880039,Bk,elevated,J Z,J,#996633,5.5,5.5,6.0,1.44,5.19
Cleveland St,40.679947,-73.884639,Bk,elevated,J,J,#996633,5.5,5.5,6.0,2.0,5.25
Van Siclen Av,40.678024,-73.891688,Bk,elevated,J Z,J,#996633,5.5,5.5,6.0,1.44,5.19
Alabama Av,40.676992,-73.898654,Bk,elevated,J Z,J,#996633,5.5,5.5,6.0,1.44,5.19
Broadway Junction,40.679498,-73.904512,Bk,elevated,J Z,J,#996633,5.5,5.5,6.0,1.44,5.19
Chauncey St,40.682893,-73.910456,Bk,elevated,J Z,J,#996633,5.5,5.5,6.0,1.44,5.19
Halsey St,40.68637,-73.916559,Bk,elevated,J,J,#996633,5.5,5.5,6.0,2.0,5.25
Gates Av,40.68963,-73.92227,Bk,elevated,J Z,J,#996633,5.5,5.5,6.0,1.44,5.19
Kosciuszko St,40.693342,-73.928814,Bk,elevated,J,J,#996633,5.5,5.5,6.0,2.0,5.25
Myrtle Av,40.697207,-73.935657,Bk,elevated,M J Z,M,#FF6319,5.75,6.11,6.17,1.83,5.55
Flushing Av,40.70026,-73.941126,Bk,elevated,M J,M,#FF6319,5.87,6.42,6.25,2.31,5.75
Lorimer St,40.703869,-73.947408,Bk,elevated,M J,M,#FF6319,5.87,6.42,6.25,2.31,5.75
Hewes St,40.70687,-73.953431,Bk,elevated,M J,M,#FF6319,5.87,6.42,6.25,2.31,5.75
Marcy Av,40.708359,-73.957757,Bk,elevated,M J Z,M,#FF6319,5.75,6.11,6.17,1.83,5.55
Delancey St-Essex St,40.718315,-73.987437,M,subway,M J Z,M,#FF6319,5.75,6.11,5.67,1.83,5.45
Bowery,40.72028,-73.993915,M,subway,J Z,J,#996633,5.5,5.5,5.5,1.44,5.09
Canal St,40.718092,-73.999892,M,subway,J Z,J,#996633,5.5,5.5,5.5,1.44,5.09
Chambers St,40.713243,-74.003401,M,subway,J Z,J,#996633,5.5,5.5,5.5,1.44,5.09
Fulton St,40.710374,-74.007582,M,subway,J Z,J,#996633,5.5,5.5,5.5,1.44,5.09
Broad St,40.706476,-74.011056,M,subway,J Z,J,#996633,5.5,5.5,5.5,1.44,5.09
Middle Village-Metropolitan Av,40.711396,-73.889601,Q,elevated,M,M,#FF6319,6.24,7.34,6.5,2.62,6.26
Fresh Pond Rd,40.706186,-73.895877,Q,elevated,M,M,#FF6319,6.24,7.34,6.5,2.62,6.26
Forest Av,40.704423,-73.903077,Q,elevated,M,M,#FF6319,6.24,7.34,6.5,2.62,6.26
Seneca Av,40.702762,-73.90774,Q,elevated,M,M,#FF6319,6.24,7.34,6.5,2.62,6.26
Myrtle-Wyckoff Avs,40.69943,-73.912385,Bk,elevated,M,M,#FF6319,6.24,7.34,6.5,2.62,6.26
Knickerbocker Av,40.698664,-73.919711,Bk,elevated,M,M,#FF6319,6.24,7.34,6.5,2.62,6.26
Central Av,40.697857,-73.927397,Bk,elevated,M,M,#FF6319,6.24,7.34,6.5,2.62,6.26
8 Av,40.739777,-74.002578,M,subway,L,L,#A7A9AC,9.5,7.86,8.5,5.12,8.37
6 Av,40.737335,-73.996786,M,subway,L,L,#A7A9AC,9.5,7.86,8.5,5.12,8.37
14 St-Union Sq,40.734789,-73.99073,M,subway,L,L,#A7A9AC,9.5,7.86,8.5,5.12,8.37
3 Av,40.732849,-73.986122,M,subway,L,L,#A7A9AC,9.5,7.86,8.5,5.12,8.37
1 Av,40.730953,-73.981628,M,subway,L,L,#A7A9AC,9.5,7.86,8.5,5.12,8.37
Bedford Av,40.717304,-73.956872,Bk,subway,L,L,#A7A9AC,9.5,7.86,8.5,5.12,8.37
Lorimer St,40.714063,-73.950275,Bk,subway,L,L,#A7A9AC,9.5,7.86,8.5,5.12,8.37
Graham Av,40.714565,-73.944053,Bk,subway,L,L,#A7A9AC,9.5,7.86,8.5,5.12,8.37
Grand St,40.711926,-73.94067,Bk,subway,L,L,#A7A9AC,9.5,7.86,8.5,5.12,8.37
Montrose Av,40.707739,-73.93985,Bk,subway,L,L,#A7A9AC,9.5,7.86,8.5,5.12,8.37
Morgan Av,40.706152,-73.933147,Bk,subway,L,L,#A7A9AC,9.5,7.86,8.5,5.12,8.37
Jefferson St,40.706607,-73.922913,Bk,subway,L,L,#A7A9AC,9.5,7.86,8.5,5.12,8.37
DeKalb Av,40.703811,-73.918425,Bk,subway,L,L,#A7A9AC,9.5,7.86,8.5,5.12,8.37
Myrtle-Wyckoff Avs,40.699814,-73.911586,Bk,subway,L,L,#A7A9AC,9.5,7.86,8.5,5.12,8.37
Halsey St,40.695602,-73.904084,Q,subway,L,L,#A7A9AC,9.5,7.86,8.5,5.12,8.37
Wilson Av,40.688764,-73.904046,Bk,subway,L,L,#A7A9AC,9.5,7.86,8.5,5.12,8.37
Bushwick Av-Aberdeen St,40.682829,-73.905249,Bk,subway,L,L,#A7A9AC,9.5,7.86,8.5,5.12,8.37
Broadway Junction,40.678856,-73.90324,Bk,elevated,L,L,#A7A9AC,9.5,7.86,9.0,5.12,8.47
Atlantic Av,40.675345,-73.903097,Bk,elevated,L,L,#A7A9AC,9.5,7.86,9.0,5.12,8.47
Sutter Av,40.669367,-73.901975,Bk,elevated,L,L,#A7A9AC,9.5,7.86,9.0,5.12,8.47
Livonia Av,40.664038,-73.900571,Bk,elevated,L,L,#A7A9AC,9.5,7.86,9.0,5.12,8.47
New Lots Av,40.658733,-73.899232,Bk,elevated,L,L,#A7A9AC,9.5,7.86,9.0,5.12,8.47
East 105 St,40.650573,-73.899485,Bk,at grade,L,L,#A7A9AC,9.5,7.86,8.5,5.12,8.37
Canarsie-Rockaway Pkwy,40.646654,-73.90185,Bk,at grade,L,L,#A7A9AC,9.5,7.86,8.5,5.12,8.37
Franklin Av,40.680596,-73.955827,Bk,elevated,S,S,#888888,5.0,5.0,5.5,1.25,4.72
Park Pl,40.674772,-73.957624,Bk,open cut,S,S,#888888,5.0,5.0,6.0,1.25,4.82
Botanic Garden,40.670343,-73.959245,Bk,open cut,S,S,#888888,5.0,5.0,6.0,1.25,4.82
Inwood-207 St,40.868072,-73.919899,M,subway,A,A,#0039A6,10.0,6.99,7.0,6.25,8.12
Dyckman St,40.865491,-73.927271,M,subway,A,A,#0039A6,10.0,6.99,7.0,6.25,8.12
190 St,40.859022,-73.93418,M,subway,A,A,#0039A6,10.0,6.99,7.0,6.25,8.12
181 St,40.851695,-73.937969,M,subway,A,A,#0039A6,10.0,6.99,7.0,6.25,8.12
175 St,40.847391,-73.939704,M,subway,A,A,#0039A6,10.0,6.99,7.0,6.25,8.12
168 St,40.840719,-73.939561,M,subway,A C,A,#0039A6,9.94,7.24,7.25,4.62,8.06
163 St-Amsterdam Av,40.836013,-73.939892,M,subway,C,C,#0039A6,9.5,7.49,7.5,3.0,7.85
155 St,40.830518,-73.941514,M,subway,C,C,#0039A6,9.5,7.49,7.5,3.0,7.85
145 St,40.824783,-73.944216,M,subway,A C,A,#0039A6,9.94,7.24,7.25,4.62,8.06
145 St,40.824783,-73.944216,M,subway,B D,B,#FF6319,7.0,6.5,6.0,3.62,6.31
135 St,40.817894,-73.947649,M,subway,C B,C,#0039A6,8.13,6.94,6.75,3.19,7.0
125 St,40.811109,-73.952343,M,subway,A C B D,A,#0039A6,8.47,6.87,6.62,4.12,7.19
116 St,40.805085,-73.954882,M,subway,C B,C,#0039A6,8.13,6.94,6.75,3.19,7.0
Cathedral Pkwy (110 St),40.800603,-73.958161,M,subway,C B,C,#0039A6,8.13,6.94,6.75,3.19,7.0
103 St,40.796092,-73.961454,M,subway,C B,C,#0039A6,8.13,6.94,6.75,3.19,7.0
96 St,40.791642,-73.964696,M,subway,C B,C,#0039A6,8.13,6.94,6.75,3.19,7.0
86 St,40.785868,-73.968916,M,subway,C B,C,#0039A6,8.13,6.94,6.75,3.19,7.0
81 St-Museum of Natural History,40.781433,-73.972143,M,subway,C B,C,#0039A6,8.13,6.94,6.75,3.19,7.0
72 St,40.775594,-73.97641,M,subway,C B,C,#0039A6,8.13,6.94,6.75,3.19,7.0
59 St-Columbus Circle,40.768296,-73.981736,M,subway,A C B D,A,#0039A6,8.47,6.87,6.62,4.12,7.19
50 St,40.762456,-73.985984,M,subway,C E,C,#0039A6,8.75,7.07,7.25,3.94,7.47
42 St-Port Authority Bus Terminal,40.757308,-73.989735,M,subway,A C E,A,#0039A6,9.26,7.05,7.17,4.71,7.72
34 St-Penn Station,40.752287,-73.993391,M,subway,A C E,A,#0039A6,9.26,7.05,7.17,4.71,7.72
23 St,40.745906,-73.998041,M,subway,C E,C,#0039A6,8.75,7.07,7.25,3.94,7.47
14 St,40.740893,-74.00169,M,subway,A C E,A,#0039A6,9.26,7.05,7.17,4.71,7.72
W 4 St-Wash Sq,40.732338,-74.000495,M,subway,A C E,A,#0039A6,9.26,7.05,7.17,4.71,7.72
W 4 St-Wash Sq,40.732338,-74.000495,M,subway,B D F M,B,#FF6319,7.33,6.84,6.12,4.31,6.64
Spring St,40.726227,-74.003739,M,subway,C E,C,#0039A6,8.75,7.07,7.25,3.94,7.47
Canal St,40.720824,-74.005229,M,subway,A C E,A,#0039A6,9.26,7.05,7.17,4.71,7.72
Chambers St,40.714111,-74.008585,M,subway,A C,A,#0039A6,9.94,7.24,7.25,4.62,8.06
World Trade Center,40.712582,-74.009781,M,subway,E,E,#0039A6,7.9,6.65,7.0,4.88,7.05
Fulton St,40.710197,-74.007691,M,subway,A C,A,#0039A6,9.94,7.24,7.25,4.62,8.06
High St,40.699337,-73.990531,Bk,subway,A C,A,#0039A6,9.94,7.24,7.25,4.62,8.06
Jay St-MetroTech,40.692338,-73.987342,Bk,subway,A C F,A,#0039A6,9.66,7.16,7.0,5.54,7.97
Hoyt-Schermerhorn Sts,40.688484,-73.985001,Bk,subway,A C G,A,#0039A6,9.72,7.15,7.17,3.83,7.85
Lafayette Av,40.686113,-73.973946,Bk,subway,C,C,#0039A6,9.5,7.49,7.5,3.0,7.85
Clinton-Washington Avs,40.683263,-73.965838,Bk,subway,C,C,#0039A6,9.5,7.49,7.5,3.0,7.85
Franklin Av,40.68138,-73.956848,Bk,subway,C,C,#0039A6,9.5,7.49,7.5,3.0,7.85
Nostrand Av,40.680438,-73.950426,Bk,subway,A C,A,#0039A6,9.94,7.24,7.25,4.62,8.06
Kingston-Throop Avs,40.679921,-73.940858,Bk,subway,C,C,#0039A6,9.5,7.49,7.5,3.0,7.85
Utica Av,40.679364,-73.930729,Bk,subway,A C,A,#0039A6,9.94,7.24,7.25,4.62,8.06
Ralph Av,40.678822,-73.920786,Bk,subway,C,C,#0039A6,9.5,7.49,7.5,3.0,7.85
Rockaway Av,40.67834,-73.911946,Bk,subway,C,C,#0039A6,9.5,7.49,7.5,3.0,7.85
Broadway Junction,40.678334,-73.905316,Bk,subway,A C,A,#0039A6,9.94,7.24,7.25,4.62,8.06
Liberty Av,40.674542,-73.896548,Bk,subway,C,C,#0039A6,9.5,7.49,7.5,3.0,7.85
Van Siclen Av,40.67271,-73.890358,Bk,subway,C,C,#0039A6,9.5,7.49,7.5,3.0,7.85
Shepherd Av,40.67413,-73.88075,Bk,subway,C,C,#0039A6,9.5,7.49,7.5,3.0,7.85
Euclid Av,40.675377,-73.872106,Bk,subway,A C,A,#0039A6,9.94,7.24,7.25,4.62,8.06
Grant Av,40.677044,-73.86505,Bk,subway,A,A,#0039A6,10.0,6.99,7.0,6.25,8.12
80 St,40.679371,-73.858992,Q,elevated,A,A,#0039A6,10.0,6.99,7.5,6.25,8.22
88 St,40.679843,-73.85147,Q,elevated,A,A,#0039A6,10.0,6.99,7.5,6.25,8.22
Rockaway Blvd,40.680429,-73.843853,Q,elevated,A,A,#0039A6,10.0,6.99,7.5,6.25,8.22
104 St,40.681711,-73.837683,Q,elevated,A,A,#0039A6,10.0,6.99,7.5,6.25,8.22
111 St,40.684331,-73.832163,Q,elevated,A,A,#0039A6,10.0,6.99,7.5,6.25,8.22
Ozone Park-Lefferts Blvd,40.685951,-73.825798,Q,elevated,A,A,#0039A6,10.0,6.99,7.5,6.25,8.22
Aqueduct Racetrack,40.672097,-73.835919,Q,at grade,A,A,#0039A6,10.0,6.99,7.0,6.25,8.12
Aqueduct-N Conduit Av,40.668234,-73.834058,Q,at grade,A,A,#0039A6,10.0,6.99,7.0,6.25,8.12
Howard Beach-JFK Airport,40.660476,-73.830301,Q,at grade,A,A,#0039A6,10.0,6.99,7.0,6.25,8.12
Broad Channel,40.608382,-73.815925,Q,at grade,A S,A,#0039A6,7.64,6.0,6.0,3.75,6.43
Beach 90 St,40.588034,-73.813641,Q,viaduct,A S,A,#0039A6,7.64,6.0,6.0,3.75,6.43
Beach 98 St,40.585307,-73.820558,Q,viaduct,A S,A,#0039A6,7.64,6.0,6.0,3.75,6.43
Beach 105 St,40.583209,-73.827559,Q,viaduct,A S,A,#0039A6,7.64,6.0,6.0,3.75,6.43
Rockaway Park-Beach 116 St,40.580903,-73.835592,Q,at grade,A S,A,#0039A6,7.64,6.0,6.0,3.75,6.43
Beach 67 St,40.590927,-73.796924,Q,viaduct,A,A,#0039A6,10.0,6.99,7.0,6.25,8.12
Beach 60 St,40.592374,-73.788522,Q,viaduct,A,A,#0039A6,10.0,6.99,7.0,6.25,8.12
Beach 44 St,40.592943,-73.776013,Q,viaduct,A,A,#0039A6,10.0,6.99,7.0,6.25,8.12
Beach 36 St,40.595398,-73.768175,Q,viaduct,A,A,#0039A6,10.0,6.99,7.0,6.25,8.12
Beach 25 St,40.600066,-73.761353,Q,viaduct,A,A,#0039A6,10.0,6.99,7.0,6.25,8.12
Far Rockaway-Mott Av,40.603995,-73.755405,Q,viaduct,A,A,#0039A6,10.0,6.99,7.0,6.25,8.12
Norwood-205 St,40.874811,-73.878855,Bx,subway,D,D,#FF6319,7.34,6.61,6.0,3.88,6.51
Bedford Park Blvd,40.873244,-73.887138,Bx,subway,B D,B,#FF6319,7.0,6.5,6.0,3.62,6.31
Kingsbridge Rd,40.866978,-73.893509,Bx,subway,B D,B,#FF6319,7.0,6.5,6.0,3.62,6.31
Fordham Rd,40.861296,-73.897749,Bx,subway,B D,B,#FF6319,7.0,6.5,6.0,3.62,6.31
182-183 Sts,40.856093,-73.900741,Bx,subway,B D,B,#FF6319,7.0,6.5,6.0,3.62,6.31
Tremont Av,40.85041,-73.905227,Bx,subway,B D,B,#FF6319,7.0,6.5,6.0,3.62,6.31
174-175 Sts,40.8459,-73.910136,Bx,subway,B D,B,#FF6319,7.0,6.5,6.0,3.62,6.31
170 St,40.839306,-73.9134,Bx,subway,B D,B,#FF6319,7.0,6.5,6.0,3.62,6.31
167 St,40.833771,-73.91844,Bx,subway,B D,B,#FF6319,7.0,6.5,6.0,3.62,6.31
161 St-Yankee Stadium,40.827905,-73.925651,Bx,subway,B D,B,#FF6319,7.0,6.5,6.0,3.62,6.31
155 St,40.830135,-73.938209,M,subway,B D,B,#FF6319,7.0,6.5,6.0,3.62,6.31
21 St-Queensbridge,40.754203,-73.942836,Q,subway,M,M,#FF6319,6.24,7.34,6.0,2.62,6.16
Roosevelt Island,40.759145,-73.95326,M,subway,M,M,#FF6319,6.24,7.34,6.0,2.62,6.16
Lexington Av/63 St,40.764629,-73.966113,M,subway,M Q,M,#FF6319,7.02,6.79,6.0,3.5,6.4
57 St,40.763972,-73.97745,M,subway,M,M,#FF6319,6.24,7.34,6.0,2.62,6.16
47-50 Sts-Rockefeller Ctr,40.758663,-73.981329,M,subway,B D F M,B,#FF6319,7.33,6.84,6.12,4.31,6.64
42 St-Bryant Pk,40.754222,-73.984569,M,subway,B D F M,B,#FF6319,7.33,6.84,6.12,4.31,6.64
34 St-Herald Sq,40.749719,-73.987823,M,subway,B D F M,B,#FF6319,7.33,6.84,6.12,4.31,6.64
23 St,40.742878,-73.992821,M,subway,F M,F,#FF6319,7.67,7.17,6.25,5.0,6.97
14 St,40.738228,-73.996209,M,subway,F M,F,#FF6319,7.67,7.17,6.25,5.0,6.97
Broadway-Lafayette St,40.725297,-73.996204,M,subway,B D F M,B,#FF6319,7.33,6.84,6.12,4.31,6.64
Grand St,40.718267,-73.993753,M,subway,B D,B,#FF6319,7.0,6.5,6.0,3.62,6.31
2 Av,40.723402,-73.989938,M,subway,F,F,#FF6319,9.0,7.0,6.5,7.38,7.74
Delancey St-Essex St,40.718611,-73.988114,M,subway,F,F,#FF6319,9.0,7.0,6.5,7.38,7.74
East Broadway,40.713715,-73.990173,M,subway,F,F,#FF6319,9.0,7.0,6.5,7.38,7.74
York St,40.701397,-73.986751,Bk,subway,F,F,#FF6319,9.0,7.0,6.5,7.38,7.74
Bergen St,40.686145,-73.990862,Bk,subway,F G,F,#FF6319,9.19,6.99,6.75,4.81,7.6
Carroll St,40.680303,-73.995048,Bk,subway,F G,F,#FF6319,9.19,6.99,6.75,4.81,7.6
Smith-9 Sts,40.67358,-73.995959,Bk,viaduct,F G,F,#FF6319,9.19,6.99,6.75,4.81,7.6
4 Av-9 St,40.670272,-73.989779,Bk,viaduct,F G,F,#FF6319,9.19,6.99,6.75,4.81,7.6
7 Av,40.666271,-73.980305,Bk,subway,F G,F,#FF6319,9.19,6.99,6.75,4.81,7.6
15 St-Prospect Park,40.660365,-73.979493,Bk,subway,F G,F,#FF6319,9.19,6.99,6.75,4.81,7.6
Fort Hamilton Pkwy,40.650782,-73.975776,Bk,subway,F G,F,#FF6319,9.19,6.99,6.75,4.81,7.6
Church Av,40.644041,-73.979678,Bk,subway,F G,F,#FF6319,9.19,6.99,6.75,4.81,7.6
Ditmas Av,40.636119,-73.978172,Bk,elevated,F,F,#FF6319,9.0,7.0,7.0,7.38,7.84
18 Av,40.629755,-73.976971,Bk,elevated,F,F,#FF6319,9.0,7.0,7.0,7.38,7.84
Avenue I,40.625322,-73.976127,Bk,elevated,F,F,#FF6319,9.0,7.0,7.0,7.38,7.84
Bay Pkwy,40.620769,-73.975264,Bk,elevated,F,F,#FF6319,9.0,7.0,7.0,7.38,7.84
Avenue N,40.61514,-73.974197,Bk,elevated,F,F,#FF6319,9.0,7.0,7.0,7.38,7.84
Avenue P,40.608944,-73.973022,Bk,elevated,F,F,#FF6319,9.0,7.0,7.0,7.38,7.84
Kings Hwy,40.603217,-73.972361,Bk,elevated,F,F,#FF6319,9.0,7.0,7.0,7.38,7.84
Avenue U,40.596063,-73.973357,Bk,elevated,F,F,#FF6319,9.0,7.0,7.0,7.38,7.84
Avenue X,40.58962,-73.97425,Bk,elevated,F,F,#FF6319,9.0,7.0,7.0,7.38,7.84
Neptune Av,40.581011,-73.974574,Bk,elevated,F,F,#FF6319,9.0,7.0,7.0,7.38,7.84
Jamaica-179 St,40.712646,-73.783817,Q,subway,F,F,#FF6319,9.0,7.0,6.5,7.38,7.74
169 St,40.71047,-73.793604,Q,subway,F,F,#FF6319,9.0,7.0,6.5,7.38,7.74
Parsons Blvd,40.707564,-73.803326,Q,subway,F,F,#FF6319,9.0,7.0,6.5,7.38,7.74
Sutphin Blvd,40.70546,-73.810708,Q,subway,F,F,#FF6319,9.0,7.0,6.5,7.38,7.74
Briarwood,40.709179,-73.820574,Q,subway,E F,E,#0039A6,8.5,6.83,6.75,6.12,7.41
Kew Gardens-Union Tpke,40.714441,-73.831008,Q,subway,E F,E,#0039A6,8.5,6.83,6.75,6.12,7.41
75 Av,40.718331,-73.837324,Q,subway,E F,E,#0039A6,8.5,6.83,6.75,6.12,7.41
Forest Hills-71 Av,40.721691,-73.844521,Q,subway,E F M R,E,#0039A6,7.9,7.01,6.5,4.84,7.05
67 Av,40.726523,-73.852719,Q,subway,M R,M,#FF6319,7.29,7.19,6.25,3.56,6.68
63 Dr-Rego Park,40.729846,-73.861604,Q,subway,M R,M,#FF6319,7.29,7.19,6.25,3.56,6.68
Woodhaven Blvd,40.733106,-73.869229,Q,subway,M R,M,#FF6319,7.29,7.19,6.25,3.56,6.68
Grand Av-Newtown,40.737015,-73.877223,Q,subway,M R,M,#FF6319,7.29,7.19,6.25,3.56,6.68
Elmhurst Av,40.742454,-73.882017,Q,subway,M R,M,#FF6319,7.29,7.19,6.25,3.56,6.68
Jackson Hts-Roosevelt Av,40.746644,-73.891338,Q,subway,E F M R,E,#0039A6,7.9,7.01,6.5,4.84,7.05
65 St,40.749669,-73.898453,Q,subway,M R,M,#FF6319,7.29,7.19,6.25,3.56,6.68
Northern Blvd,40.752885,-73.906006,Q,subway,M R,M,#FF6319,7.29,7.19,6.25,3.56,6.68
46 St,40.756312,-73.913333,Q,subway,M R,M,#FF6319,7.29,7.19,6.25,3.56,6.68
Steinway St,40.756879,-73.92074,Q,subway,M R,M,#FF6319,7.29,7.19,6.25,3.56,6.68
36 St,40.752039,-73.928781,Q,subway,M R,M,#FF6319,7.29,7.19,6.25,3.56,6.68
Queens Plaza,40.748973,-73.937243,Q,subway,E F R,E,#0039A6,8.45,6.9,6.67,5.58,7.34
Court Sq-23 St,40.747846,-73.946,Q,subway,E F,E,#0039A6,8.5,6.83,6.75,6.12,7.41
Lexington Av/53 St,40.757552,-73.969055,M,subway,E F,E,#0039A6,8.5,6.83,6.75,6.12,7.41
5 Av/53 St,40.760167,-73.975224,M,subway,E F,E,#0039A6,8.5,6.83,6.75,6.12,7.41
7 Av,40.762862,-73.981637,M,subway,E B D,E,#0039A6,7.3,6.55,6.33,4.04,6.56
Jamaica Center-Parsons/Archer,40.702147,-73.801109,Q,subway,E J Z,E,#0039A6,6.3,5.88,6.0,2.58,5.74
Sutphin Blvd-Archer Av-JFK Airport,40.700486,-73.807969,Q,subway,E J Z,E,#0039A6,6.3,5.88,6.0,2.58,5.74
Jamaica-Van Wyck,40.702566,-73.816859,Q,subway,E,E,#0039A6,7.9,6.65,7.0,4.88,7.05
Court Sq,40.746554,-73.943832,Q,subway,G,G,#6CBE45,9.28,6.97,7.0,2.25,7.43
21 St,40.744065,-73.949724,Q,subway,G,G,#6CBE45,9.28,6.97,7.0,2.25,7.43
Greenpoint Av,40.731352,-73.954449,Bk,subway,G,G,#6CBE45,9.28,6.97,7.0,2.25,7.43
Nassau Av,40.724635,-73.951277,Bk,subway,G,G,#6CBE45,9.28,6.97,7.0,2.25,7.43
Metropolitan Av,40.712792,-73.951418,Bk,subway,G,G,#6CBE45,9.28,6.97,7.0,2.25,7.43
Broadway,40.706092,-73.950308,Bk,subway,G,G,#6CBE45,9.28,6.97,7.0,2.25,7.43
Flushing Av,40.700377,-73.950234,Bk,subway,G,G,#6CBE45,9.28,6.97,7.0,2.25,7.43
Myrtle-Willoughby Avs,40.694568,-73.949046,Bk,subway,G,G,#6CBE45,9.28,6.97,7.0,2.25,7.43
Bedford-Nostrand Avs,40.689627,-73.953522,Bk,subway,G,G,#6CBE45,9.28,6.97,7.0,2.25,7.43
Classon Av,40.688873,-73.96007,Bk,subway,G,G,#6CBE45,9.28,6.97,7.0,2.25,7.43
Clinton-Washington Avs,40.688089,-73.966839,Bk,subway,G,G,#6CBE45,9.28,6.97,7.0,2.25,7.43
Fulton St,40.687119,-73.975375,Bk,subway,G,G,#6CBE45,9.28,6.97,7.0,2.25,7.43
Van Cortlandt Park-242 St,40.889248,-73.898583,Bx,elevated,1,1,#EE352E,7.9,7.2,8.0,8.25,7.75
238 St,40.884667,-73.90087,Bx,elevated,1,1,#EE352E,7.9,7.2,8.0,8.25,7.75
231 St,40.878856,-73.904834,Bx,elevated,1,1,#EE352E,7.9,7.2,8.0,8.25,7.75
Marble Hill-225 St,40.874561,-73.909831,M,elevated,1,1,#EE352E,7.9,7.2,8.0,8.25,7.75
215 St,40.869444,-73.915279,M,elevated,1,1,#EE352E,7.9,7.2,8.0,8.25,7.75
207 St,40.864621,-73.918822,M,elevated,1,1,#EE352E,7.9,7.2,8.0,8.25,7.75
Dyckman St,40.860531,-73.925536,M,elevated,1,1,#EE352E,7.9,7.2,8.0,8.25,7.75
191 St,40.855225,-73.929412,M,subway,1,1,#EE352E,7.9,7.2,7.5,8.25,7.65
181 St,40.849505,-73.933596,M,subway,1,1,#EE352E,7.9,7.2,7.5,8.25,7.65
168 St-Washington Hts,40.840556,-73.940133,M,subway,1,1,#EE352E,7.9,7.2,7.5,8.25,7.65
157 St,40.834041,-73.94489,M,subway,1,1,#EE352E,7.9,7.2,7.5,8.25,7.65
145 St,40.826551,-73.95036,M,subway,1,1,#EE352E,7.9,7.2,7.5,8.25,7.65
137 St-City College,40.822008,-73.953676,M,subway,1,1,#EE352E,7.9,7.2,7.5,8.25,7.65
125 St,40.815581,-73.958372,M,elevated,1,1,#EE352E,7.9,7.2,8.0,8.25,7.75
116 St-Columbia University,40.807722,-73.96411,M,subway,1,1,#EE352E,7.9,7.2,7.5,8.25,7.65
Cathedral Pkwy (110 St),40.803967,-73.966847,M,subway,1,1,#EE352E,7.9,7.2,7.5,8.25,7.65
103 St,40.799446,-73.968379,M,subway,1,1,#EE352E,7.9,7.2,7.5,8.25,7.65
96 St,40.793919,-73.972323,M,subway,1 2 3,1,#EE352E,7.37,7.48,7.17,6.71,7.3
86 St,40.788644,-73.976218,M,subway,1,1,#EE352E,7.9,7.2,7.5,8.25,7.65
79 St,40.783934,-73.979917,M,subway,1,1,#EE352E,7.9,7.2,7.5,8.25,7.65
72 St,40.778453,-73.98197,M,subway,1 2 3,1,#EE352E,7.37,7.48,7.17,6.71,7.3
66 St-Lincoln Center,40.77344,-73.982209,M,subway,1,1,#EE352E,7.9,7.2,7.5,8.25,7.65
59 St-Columbus Circle,40.768247,-73.981929,M,subway,1,1,#EE352E,7.9,7.2,7.5,8.25,7.65
50 St,40.761728,-73.983849,M,subway,1,1,#EE352E,7.9,7.2,7.5,8.25,7.65
Times Sq-42 St,40.75529,-73.987495,M,subway,1 2 3,1,#EE352E,7.37,7.48,7.17,6.71,7.3
34 St-Penn Station,40.750373,-73.991057,M,subway,1 2 3,1,#EE352E,7.37,7.48,7.17,6.71,7.3
28 St,40.747215,-73.993365,M,subway,1,1,#EE352E,7.9,7.2,7.5,8.25,7.65
23 St,40.744081,-73.995657,M,subway,1,1,#EE352E,7.9,7.2,7.5,8.25,7.65
18 St,40.74104,-73.997871,M,subway,1,1,#EE352E,7.9,7.2,7.5,8.25,7.65
14 St,40.737826,-74.000201,M,subway,1 2 3,1,#EE352E,7.37,7.48,7.17,6.71,7.3
Christopher St-Stonewall,40.733422,-74.002906,M,subway,1,1,#EE352E,7.9,7.2,7.5,8.25,7.65
Houston St,40.728251,-74.005367,M,subway,1,1,#EE352E,7.9,7.2,7.5,8.25,7.65
Canal St,40.722854,-74.006277,M,subway,1,1,#EE352E,7.9,7.2,7.5,8.25,7.65
Franklin St,40.719318,-74.006886,M,subway,1,1,#EE352E,7.9,7.2,7.5,8.25,7.65
Chambers St,40.715478,-74.009266,M,subway,1 2 3,1,#EE352E,7.37,7.48,7.17,6.71,7.3
WTC Cortlandt,40.711835,-74.012188,M,subway,1,1,#EE352E,7.9,7.2,7.5,8.25,7.65
Rector St,40.707513,-74.013783,M,subway,1,1,#EE352E,7.9,7.2,7.5,8.25,7.65
South Ferry,40.702068,-74.013664,M,subway,1,1,#EE352E,7.9,7.2,7.5,8.25,7.65
Park Place,40.713051,-74.008811,M,subway,2 3,2,#EE352E,7.11,7.62,7.0,5.94,7.12
Fulton St,40.709416,-74.006571,M,subway,2 3,2,#EE352E,7.11,7.62,7.0,5.94,7.12
Wall St,40.706821,-74.0091,M,subway,2 3,2,#EE352E,7.11,7.62,7.0,5.94,7.12
Clark St,40.697466,-73.993086,Bk,subway,2 3,2,#EE352E,7.11,7.62,7.0,5.94,7.12
Borough Hall,40.693219,-73.989998,Bk,subway,2 3,2,#EE352E,7.11,7.62,7.0,5.94,7.12
Hoyt St,40.690545,-73.985065,Bk,subway,2 3,2,#EE352E,7.11,7.62,7.0,5.94,7.12
Nevins St,40.688246,-73.980492,Bk,subway,2 3 4 5,2,#EE352E,6.95,7.75,6.88,6.31,7.11
Atlantic Av-Barclays Ctr,40.684359,-73.977666,Bk,subway,2 3 4 5,2,#EE352E,6.95,7.75,6.88,6.31,7.11
Bergen St,40.680829,-73.975098,Bk,subway,2 3,2,#EE352E,7.11,7.62,7.0,5.94,7.12
Grand Army Plaza,40.675235,-73.971046,Bk,subway,2 3,2,#EE352E,7.11,7.62,7.0,5.94,7.12
Eastern Pkwy-Brooklyn Museum,40.671987,-73.964375,Bk,subway,2 3,2,#EE352E,7.11,7.62,7.0,5.94,7.12
Franklin Av-Medgar Evers College,40.670682,-73.958131,Bk,subway,2 3 4 5,2,#EE352E,6.95,7.75,6.88,6.31,7.11
Nostrand Av,40.669847,-73.950466,Bk,subway,3,3,#EE352E,6.9,7.35,7.0,4.62,6.83
Kingston Av,40.669399,-73.942161,Bk,subway,3,3,#EE352E,6.9,7.35,7.0,4.62,6.83
Crown Hts-Utica Av,40.668897,-73.932942,Bk,subway,3 4,3,#EE352E,6.79,7.29,7.0,6.5,6.95
Sutter Av-Rutland Rd,40.664717,-73.92261,Bk,elevated,3,3,#EE352E,6.9,7.35,7.5,4.62,6.93
Saratoga Av,40.661453,-73.916327,Bk,elevated,3,3,#EE352E,6.9,7.35,7.5,4.62,6.93
Rockaway Av,40.662549,-73.908946,Bk,elevated,3,3,#EE352E,6.9,7.35,7.5,4.62,6.93
Junius St,40.663515,-73.902447,Bk,elevated,3,3,#EE352E,6.9,7.35,7.5,4.62,6.93
Pennsylvania Av,40.664635,-73.894895,Bk,elevated,3,3,#EE352E,6.9,7.35,7.5,4.62,6.93
Van Siclen Av,40.665449,-73.889395,Bk,elevated,3,3,#EE352E,6.9,7.35,7.5,4.62,6.93
New Lots Av,40.666235,-73.884079,Bk,elevated,3,3,#EE352E,6.9,7.35,7.5,4.62,6.93
President St-Medgar Evers College,40.667883,-73.950683,Bk,subway,2 5,2,#EE352E,7.11,8.2,6.75,6.12,7.27
Sterling St,40.662742,-73.95085,Bk,subway,2 5,2,#EE352E,7.11,8.2,6.75,6.12,7.27
Winthrop St,40.656652,-73.9502,Bk,subway,2 5,2,#EE352E,7.11,8.2,6.75,6.12,7.27
Church Av,40.650843,-73.949575,Bk,subway,2 5,2,#EE352E,7.11,8.2,6.75,6.12,7.27
Beverly Rd,40.645098,-73.948959,Bk,subway,2 5,2,#EE352E,7.11,8.2,6.75,6.12,7.27
Newkirk Av-Little Haiti,40.639967,-73.948411,Bk,subway,2 5,2,#EE352E,7.11,8.2,6.75,6.12,7.27
Flatbush Av-Brooklyn College,40.632836,-73.947642,Bk,subway,2 5,2,#EE352E,7.11,8.2,6.75,6.12,7.27
Pelham Bay Park,40.852462,-73.828121,Bx,elevated,6,6,#00933C,7.44,7.75,7.5,10.0,7.8
Buhre Av,40.84681,-73.832569,Bx,elevated,6,6,#00933C,7.44,7.75,7.5,10.0,7.8
Middletown Rd,40.843863,-73.836322,Bx,elevated,6,6,#00933C,7.44,7.75,7.5,10.0,7.8
Westchester Sq-E Tremont Av,40.839892,-73.842952,Bx,elevated,6,6,#00933C,7.44,7.75,7.5,10.0,7.8
Zerega Av,40.836488,-73.847036,Bx,elevated,6,6,#00933C,7.44,7.75,7.5,10.0,7.8
Castle Hill Av,40.834255,-73.851222,Bx,elevated,6,6,#00933C,7.44,7.75,7.5,10.0,7.8
Parkchester,40.833226,-73.860816,Bx,elevated,6,6,#00933C,7.44,7.75,7.5,10.0,7.8
St Lawrence Av,40.831509,-73.867618,Bx,elevated,6,6,#00933C,7.44,7.75,7.5,10.0,7.8
Morrison Av-Soundview,40.829521,-73.874516,Bx,elevated,6,6,#00933C,7.44,7.75,7.5,10.0,7.8
Elder Av,40.828584,-73.879159,Bx,elevated,6,6,#00933C,7.44,7.75,7.5,10.0,7.8
Whitlock Av,40.826525,-73.886283,Bx,elevated,6,6,#00933C,7.44,7.75,7.5,10.0,7.8
Hunts Point Av,40.820948,-73.890549,Bx,subway,6,6,#00933C,7.44,7.75,7.0,10.0,7.7
Longwood Av,40.816104,-73.896435,Bx,subway,6,6,#00933C,7.44,7.75,7.0,10.0,7.7
E 149 St,40.812118,-73.904098,Bx,subway,6,6,#00933C,7.44,7.75,7.0,10.0,7.7
E 143 St-St Mary's St,40.808719,-73.907657,Bx,subway,6,6,#00933C,7.44,7.75,7.0,10.0,7.7
Cypress Av,40.805368,-73.914042,Bx,subway,6,6,#00933C,7.44,7.75,7.0,10.0,7.7
Brook Av,40.807566,-73.91924,Bx,subway,6,6,#00933C,7.44,7.75,7.0,10.0,7.7
3 Av-138 St,40.810476,-73.926138,Bx,subway,6,6,#00933C,7.44,7.75,7.0,10.0,7.7
Woodlawn,40.886037,-73.878751,Bx,elevated,4,4,#00933C,6.69,7.23,7.5,8.38,7.18
Mosholu Pkwy,40.87975,-73.884655,Bx,elevated,4,4,#00933C,6.69,7.23,7.5,8.38,7.18
Bedford Park Blvd-Lehman College,40.873412,-73.890064,Bx,elevated,4,4,#00933C,6.69,7.23,7.5,8.38,7.18
Kingsbridge Rd,40.86776,-73.897174,Bx,elevated,4,4,#00933C,6.69,7.23,7.5,8.38,7.18
Fordham Rd,40.862803,-73.901034,Bx,elevated,4,4,#00933C,6.69,7.23,7.5,8.38,7.18
183 St,40.858407,-73.903879,Bx,elevated,4,4,#00933C,6.69,7.23,7.5,8.38,7.18
Burnside Av,40.853453,-73.907684,Bx,elevated,4,4,#00933C,6.69,7.23,7.5,8.38,7.18
176 St,40.84848,-73.911794,Bx,elevated,4,4,#00933C,6.69,7.23,7.5,8.38,7.18
Mt Eden Av,40.844434,-73.914685,Bx,elevated,4,4,#00933C,6.69,7.23,7.5,8.38,7.18
170 St,40.840075,-73.917791,Bx,elevated,4,4,#00933C,6.69,7.23,7.5,8.38,7.18
167 St,40.835537,-73.9214,Bx,elevated,4,4,#00933C,6.69,7.23,7.5,8.38,7.18
161 St-Yankee Stadium,40.827994,-73.925831,Bx,elevated,4,4,#00933C,6.69,7.23,7.5,8.38,7.18
149 St-Grand Concourse,40.818375,-73.927351,Bx,subway,4,4,#00933C,6.69,7.23,7.0,8.38,7.08
138 St-Grand Concourse,40.813224,-73.929849,Bx,subway,4 5,4,#00933C,6.79,7.87,6.75,6.69,7.1
125 St,40.804138,-73.937594,M,subway,4 5 6,4,#00933C,7.01,7.83,6.83,7.79,7.3
116 St,40.798629,-73.941617,M,subway,6,6,#00933C,7.44,7.75,7.0,10.0,7.7
110 St,40.79502,-73.94425,M,subway,6,6,#00933C,7.44,7.75,7.0,10.0,7.7
103 St,40.7906,-73.947478,M,subway,6,6,#00933C,7.44,7.75,7.0,10.0,7.7
96 St,40.785672,-73.95107,M,subway,6,6,#00933C,7.44,7.75,7.0,10.0,7.7
86 St,40.779492,-73.955589,M,subway,4 5 6,4,#00933C,7.01,7.83,6.83,7.79,7.3
77 St,40.77362,-73.959874,M,subway,6,6,#00933C,7.44,7.75,7.0,10.0,7.7
68 St-Hunter College,40.768141,-73.96387,M,subway,6,6,#00933C,7.44,7.75,7.0,10.0,7.7
59 St,40.762526,-73.967967,M,subway,4 5 6,4,#00933C,7.01,7.83,6.83,7.79,7.3
51 St,40.757107,-73.97192,M,subway,6,6,#00933C,7.44,7.75,7.0,10.0,7.7
Grand Central-42 St,40.751776,-73.976848,M,subway,4 5 6,4,#00933C,7.01,7.83,6.83,7.79,7.3
33 St,40.746081,-73.982076,M,subway,6,6,#00933C,7.44,7.75,7.0,10.0,7.7
28 St,40.74307,-73.984264,M,subway,6,6,#00933C,7.44,7.75,7.0,10.0,7.7
23 St-Baruch College,40.739864,-73.986599,M,subway,6,6,#00933C,7.44,7.75,7.0,10.0,7.7
14 St-Union Sq,40.734673,-73.989951,M,subway,4 5 6,4,#00933C,7.01,7.83,6.83,7.79,7.3
Astor Pl,40.730054,-73.99107,M,subway,6,6,#00933C,7.44,7.75,7.0,10.0,7.7
Bleecker St,40.725915,-73.994659,M,subway,6,6,#00933C,7.44,7.75,7.0,10.0,7.7
Spring St,40.722301,-73.997141,M,subway,6,6,#00933C,7.44,7.75,7.0,10.0,7.7
Canal St,40.718803,-74.000193,M,subway,6,6,#00933C,7.44,7.75,7.0,10.0,7.7
Brooklyn Bridge-City Hall,40.713065,-74.004131,M,subway,4 5 6,4,#00933C,7.01,7.83,6.83,7.79,7.3
Fulton St,40.710368,-74.009509,M,subway,4 5,4,#00933C,6.79,7.87,6.75,6.69,7.1
Wall St,40.707557,-74.011862,M,subway,4 5,4,#00933C,6.79,7.87,6.75,6.69,7.1
Bowling Green,40.704817,-74.014065,M,subway,4 5,4,#00933C,6.79,7.87,6.75,6.69,7.1
Borough Hall,40.692404,-73.990151,Bk,subway,4 5,4,#00933C,6.79,7.87,6.75,6.69,7.1
Wakefield-241 St,40.903125,-73.85062,Bx,elevated,2,2,#EE352E,7.31,7.9,7.5,7.25,7.52
Nereid Av,40.898379,-73.854376,Bx,elevated,2 5,2,#EE352E,7.11,8.2,7.25,6.12,7.37
233 St,40.893193,-73.857473,Bx,elevated,2 5,2,#EE352E,7.11,8.2,7.25,6.12,7.37
225 St,40.888022,-73.860341,Bx,elevated,2 5,2,#EE352E,7.11,8.2,7.25,6.12,7.37
219 St,40.883895,-73.862633,Bx,elevated,2 5,2,#EE352E,7.11,8.2,7.25,6.12,7.37
Gun Hill Rd,40.87785,-73.866256,Bx,elevated,2 5,2,#EE352E,7.11,8.2,7.25,6.12,7.37
Burke Av,40.871356,-73.867164,Bx,elevated,2 5,2,#EE352E,7.11,8.2,7.25,6.12,7.37
Allerton Av,40.865462,-73.867352,Bx,elevated,2 5,2,#EE352E,7.11,8.2,7.25,6.12,7.37
Pelham Pkwy,40.857192,-73.867615,Bx,elevated,2 5,2,#EE352E,7.11,8.2,7.25,6.12,7.37
Bronx Park East,40.848828,-73.868457,Bx,elevated,2 5,2,#EE352E,7.11,8.2,7.25,6.12,7.37
E 180 St,40.841894,-73.873488,Bx,elevated,2 5,2,#EE352E,7.11,8.2,7.25,6.12,7.37
West Farms Sq-E Tremont Av,40.840295,-73.880049,Bx,elevated,2 5,2,#EE352E,7.11,8.2,7.25,6.12,7.37
174 St,40.837288,-73.887734,Bx,elevated,2 5,2,#EE352E,7.11,8.2,7.25,6.12,7.37
Freeman St,40.829993,-73.891865,Bx,elevated,2 5,2,#EE352E,7.11,8.2,7.25,6.12,7.37
Simpson St,40.824073,-73.893064,Bx,elevated,2 5,2,#EE352E,7.11,8.2,7.25,6.12,7.37
Intervale Av,40.822181,-73.896736,Bx,elevated,2 5,2,#EE352E,7.11,8.2,7.25,6.12,7.37
Prospect Av,40.819585,-73.90177,Bx,elevated,2 5,2,#EE352E,7.11,8.2,7.25,6.12,7.37
Jackson Av,40.81649,-73.907807,Bx,elevated,2 5,2,#EE352E,7.11,8.2,7.25,6.12,7.37
3 Av-149 St,40.816109,-73.917757,Bx,subway,2 5,2,#EE352E,7.11,8.2,6.75,6.12,7.27
149 St-Grand Concourse,40.81841,-73.926718,Bx,subway,2 5,2,#EE352E,7.11,8.2,6.75,6.12,7.27
Harlem-148 St,40.82388,-73.93647,M,subway,3,3,#EE352E,6.9,7.35,7.0,4.62,6.83
145 St,40.820421,-73.936245,M,subway,3,3,#EE352E,6.9,7.35,7.0,4.62,6.83
135 St,40.814229,-73.94077,M,subway,2 3,2,#EE352E,7.11,7.62,7.0,5.94,7.12
125 St,40.807754,-73.945495,M,subway,2 3,2,#EE352E,7.11,7.62,7.0,5.94,7.12
116 St,40.802098,-73.949625,M,subway,2 3,2,#EE352E,7.11,7.62,7.0,5.94,7.12
110 St-Malcolm X Plaza,40.799075,-73.951822,M,subway,2 3,2,#EE352E,7.11,7.62,7.0,5.94,7.12
Eastchester-Dyre Av,40.8883,-73.830834,Bx,at grade,5,5,#00933C,6.9,8.51,6.5,5.0,7.11
Baychester Av,40.878663,-73.838591,Bx,open cut,5,5,#00933C,6.9,8.51,7.5,5.0,7.31
Gun Hill Rd,40.869526,-73.846384,Bx,open cut,5,5,#00933C,6.9,8.51,7.5,5.0,7.31
Pelham Pkwy,40.858985,-73.855359,Bx,open cut,5,5,#00933C,6.9,8.51,7.5,5.0,7.31
Morris Park,40.854364,-73.860495,Bx,open cut,5,5,#00933C,6.9,8.51,7.5,5.0,7.31
Flushing-Main St,40.7596,-73.83003,Q,subway,7,7,#B933AD,6.33,6.56,5.5,7.25,6.33
Mets-Willets Point,40.754622,-73.845625,Q,elevated,7,7,#B933AD,6.33,6.56,6.0,7.25,6.43
111 St,40.75173,-73.855334,Q,elevated,7,7,#B933AD,6.33,6.56,6.0,7.25,6.43
103 St-Corona Plaza,40.749865,-73.8627,Q,elevated,7,7,#B933AD,6.33,6.56,6.0,7.25,6.43
Junction Blvd,40.749145,-73.869527,Q,elevated,7,7,#B933AD,6.33,6.56,6.0,7.25,6.43
90 St-Elmhurst Av,40.748408,-73.876613,Q,elevated,7,7,#B933AD,6.33,6.56,6.0,7.25,6.43
82 St-Jackson Hts,40.747659,-73.883697,Q,elevated,7,7,#B933AD,6.33,6.56,6.0,7.25,6.43
74 St-Broadway,40.746848,-73.891394,Q,elevated,7,7,#B933AD,6.33,6.56,6.0,7.25,6.43
69 St,40.746325,-73.896403,Q,elevated,7,7,#B933AD,6.33,6.56,6.0,7.25,6.43
61 St-Woodside,40.74563,-73.902984,Q,elevated,7,7,#B933AD,6.33,6.56,6.0,7.25,6.43
52 St,40.744149,-73.912549,Q,elevated,7,7,#B933AD,6.33,6.56,6.0,7.25,6.43
46 St-Bliss St,40.743132,-73.918435,Q,elevated,7,7,#B933AD,6.33,6.56,6.0,7.25,6.43
40 St-Lowery St,40.743781,-73.924016,Q,elevated,7,7,#B933AD,6.33,6.56,6.0,7.25,6.43
33 St-Rawson St,40.744587,-73.930997,Q,elevated,7,7,#B933AD,6.33,6.56,6.0,7.25,6.43
Queensboro Plaza,40.750582,-73.940202,Q,elevated,N W,N,#FCCC0A,7.21,5.78,6.5,2.81,6.2
Queensboro Plaza,40.750582,-73.940202,Q,elevated,7,7,#B933AD,6.33,6.56,6.0,7.25,6.43
Court Sq,40.747023,-73.945264,Q,elevated,7,7,#B933AD,6.33,6.56,6.0,7.25,6.43
Hunters Point Av,40.742216,-73.948916,Q,subway,7,7,#B933AD,6.33,6.56,5.5,7.25,6.33
Vernon Blvd-Jackson Av,40.742626,-73.953581,Q,subway,7,7,#B933AD,6.33,6.56,5.5,7.25,6.33
Grand Central-42 St,40.751431,-73.976041,M,subway,7,7,#B933AD,6.33,6.56,5.5,7.25,6.33
5 Av,40.753821,-73.981963,M,subway,7,7,#B933AD,6.33,6.56,5.5,7.25,6.33
Times Sq-42 St,40.755477,-73.987691,M,subway,7,7,#B933AD,6.33,6.56,5.5,7.25,6.33
Times Sq-42 St,40.755983,-73.986229,M,subway,S,S,#888888,5.0,5.0,5.0,1.25,4.62
Grand Central-42 St,40.752769,-73.979189,M,subway,S,S,#888888,5.0,5.0,5.0,1.25,4.62
34 St-Hudson Yards,40.755882,-74.00191,M,subway,7,7,#B933AD,6.33,6.56,5.5,7.25,6.33
96 St,40.784318,-73.947152,M,subway,Q,Q,#FCCC0A,7.8,6.24,6.0,4.38,6.63
86 St,40.777891,-73.951787,M,subway,Q,Q,#FCCC0A,7.8,6.24,6.0,4.38,6.63
72 St,40.768799,-73.958424,M,subway,Q,Q,#FCCC0A,7.8,6.24,6.0,4.38,6.63
St George,40.643748,-74.073643,SI,open cut,SIR,SIR,#1D6363,5.0,4.5,6.5,0.5,4.7
Tompkinsville,40.636949,-74.074835,SI,at grade,SIR,SIR,#1D6363,5.0,4.5,5.5,0.5,4.5
Stapleton,40.627915,-74.075162,SI,elevated,SIR,SIR,#1D6363,5.0,4.5,6.0,0.5,4.6
Clifton,40.621319,-74.071402,SI,elevated,SIR,SIR,#1D6363,5.0,4.5,6.0,0.5,4.6
Grasmere,40.603117,-74.084087,SI,open cut,SIR,SIR,#1D6363,5.0,4.5,6.5,0.5,4.7
Old Town,40.596612,-74.087368,SI,embankment,SIR,SIR,#1D6363,5.0,4.5,5.5,0.5,4.5
Dongan Hills,40.588849,-74.09609,SI,embankment,SIR,SIR,#1D6363,5.0,4.5,5.5,0.5,4.5
Jefferson Av,40.583591,-74.103338,SI,embankment,SIR,SIR,#1D6363,5.0,4.5,5.5,0.5,4.5
Grant City,40.578965,-74.109704,SI,open cut,SIR,SIR,#1D6363,5.0,4.5,6.5,0.5,4.7
New Dorp,40.57348,-74.11721,SI,open cut,SIR,SIR,#1D6363,5.0,4.5,6.5,0.5,4.7
Oakwood Heights,40.56511,-74.12632,SI,open cut,SIR,SIR,#1D6363,5.0,4.5,6.5,0.5,4.7
Bay Terrace,40.5564,-74.136907,SI,embankment,SIR,SIR,#1D6363,5.0,4.5,5.5,0.5,4.5
Great Kills,40.551231,-74.151399,SI,open cut,SIR,SIR,#1D6363,5.0,4.5,6.5,0.5,4.7
Eltingville,40.544601,-74.16457,SI,embankment,SIR,SIR,#1D6363,5.0,4.5,5.5,0.5,4.5
Annadale,40.54046,-74.178217,SI,open cut,SIR,SIR,#1D6363,5.0,4.5,6.5,0.5,4.7
Huguenot,40.533674,-74.191794,SI,open cut,SIR,SIR,#1D6363,5.0,4.5,6.5,0.5,4.7
Prince's Bay,40.525507,-74.200064,SI,open cut,SIR,SIR,#1D6363,5.0,4.5,6.5,0.5,4.7
Pleasant Plains,40.52241,-74.217847,SI,embankment,SIR,SIR,#1D6363,5.0,4.5,5.5,0.5,4.5
Richmond Valley,40.519631,-74.229141,SI,open cut,SIR,SIR,#1D6363,5.0,4.5,6.5,0.5,4.7
Tottenville,40.512764,-74.251961,SI,at grade,SIR,SIR,#1D6363,5.0,4.5,5.5,0.5,4.5
Arthur Kill,40.516578,-74.242096,SI,at grade,SIR,SIR,#1D6363,5.0,4.5,5.5,0.5,4.5
